defchonkifanserial.ru;abuse@ruweb-nn.ru
defchonkifanserial.ru;abuse@ruweb-nn.ru
defchonkifanserial.ru;abuse@ruweb-nn.ru
dcshara.ru;abuse@domru.ru
dedee.ru;abuse@fastvps.ee
dedee.ru;abuse@fastvps.ru
dead-v-life.ru;abuse@proxad.net
dead-v-life.ru;abuse@iliad-entreprises.fr
deidara.ru;abuse@cloudflare.com
deidara.ru;abuse@cloudflare.com
fotocelebs.ru;abuse@reg.ru
fotocelebs.ru;abuse@reg.ru
fotocelebs.ru;abuse@reg.ru
fotoblogs.ru;abuse@citytelecom.ru
fotoblogs.ru;abuse@citytelecom.ru
fotoblogs.ru;abuse@citytelecom.ru
fotobdsm.ru;abuse@ovh.net
fotobdsm.ru;abuse@ovh.net
fotobdsm.ru;abuse@ovh.net
foto-dolina.ru;abuse@webzilla.com
foto-dolina.ru;abuse@webazilla.com
foto-dolina.ru;abuse@webzilla.com
fotocomic.ru;abuse@hetzner.de
fotocomic.ru;abuse@hetzner.de
fotoasians.ru;abuse@cloudflare.com
fotoasians.ru;abuse@cloudflare.com
bestube.ru;abuse@mchost.ru
morekino.ru;abuse@cloudflare.com
morekino.ru;abuse@cloudflare.com
moiasemia.ru;abuse@ovh.net
moiasemia.ru;abuse@coopertino.ru
moiasemia.ru;abuse@coopertino.ru
moiasemia.ru;abuse@ovh.net
museumfund.ru;abuse@infobox.ru
museumfund.ru;abuse@infobox.ru
museumfund.ru;abuse@infobox.ru
fotopizda.ru;abuse@ovh.net
fotopizda.ru;abuse@ovh.net
fotopizda.ru;abuse@ovh.net
fotomineta.ru;abuse@ovh.net
fotomineta.ru;abuse@ovh.net
fotomineta.ru;abuse@ovh.net
fotosalonalina.ru;abuse@beget.ru
foto-panorama.ru;abuse@rtcomm.ru
formuz.ru;abuse@fastvps.ee
formuz.ru;abuse@fastvps.ru
livetile.ru;abuse@ovh.net
livetile.ru;abuse@ovh.net
nedvijimostii.ru;abuse@friendhosting.net
derev-oborudovanie.ru;abuse@reg.ru
derev-oborudovanie.ru;abuse@reg.ru
derev-oborudovanie.ru;abuse@reg.ru
GREENART-GALLERY.ru;abuse@rtcomm.ru
GREENART-GALLERY.ru;abuse@avguro.com
XXXSOSKI.ru;abuse@rtcomm.ru
XXXSOSKI.ru;abuse@avguro.com
STROP-SAMARA.ru;abuse@rtcomm.ru
STROP-SAMARA.ru;abuse@avguro.com
DIVIMIX.ru;abuse@rtcomm.ru
DIVIMIX.ru;abuse@avguro.com
gamelenta.ru;abuse@fastvps.ee
gamelenta.ru;abuse@fastvps.ru
gamelider.ru;abuse@fastvps.ee
gamelider.ru;abuse@fastvps.ru
gamegi.ru;abuse@comfortel.pro
my-stars.ru;abuse@beget.ru
mysagni.ru;abuse@awax.su
mysagni.ru;abuse@hostline.ru
nanalog.ru;abuse@beget.ru
696969.ru;abuse@reg.ru
696969.ru;abuse@reg.ru
696969.ru;abuse@reg.ru
